{
    "key": "group_62bded3e09008",
    "title": "Component: Posts Grid",
    "fields": [
        {
            "key": "field_62bdee394fba7",
            "label": "Content",
            "name": "",
            "type": "tab",
            "instructions": "",
            "required": 0,
            "conditional_logic": 0,
            "wrapper": {
                "width": "",
                "class": "",
                "id": ""
            },
            "placement": "top",
            "endpoint": 0
        },
        {
            "key": "field_62bdf0df4fba9",
            "label": "Fixed Posts",
            "name": "fixed_posts",
            "type": "true_false",
            "instructions": "",
            "required": 0,
            "conditional_logic": 0,
            "wrapper": {
                "width": "",
                "class": "",
                "id": ""
            },
            "message": "",
            "default_value": 0,
            "ui": 1,
            "ui_on_text": "Enabled",
            "ui_off_text": "Disabled"
        },
        {
            "key": "field_62bdf1154fbaa",
            "label": "Posts",
            "name": "posts",
            "type": "post_object",
            "instructions": "",
            "required": 0,
            "conditional_logic": [
                [
                    {
                        "field": "field_62bdf0df4fba9",
                        "operator": "==",
                        "value": "1"
                    }
                ]
            ],
            "wrapper": {
                "width": "",
                "class": "",
                "id": ""
            },
            "post_type": [
                "post"
            ],
            "taxonomy": "",
            "allow_null": 0,
            "multiple": 1,
            "return_format": "object",
            "ui": 1
        },
        {
            "key": "field_62cd6e247aa97",
            "label": "Enable Search",
            "name": "search",
            "type": "true_false",
            "instructions": "",
            "required": 0,
            "conditional_logic": 0,
            "wrapper": {
                "width": "",
                "class": "",
                "id": ""
            },
            "message": "",
            "default_value": 0,
            "ui": 1,
            "ui_on_text": "Enabled",
            "ui_off_text": "Disabled"
        },
        {
            "key": "field_62bdee404fba8",
            "label": "Design",
            "name": "",
            "type": "tab",
            "instructions": "",
            "required": 0,
            "conditional_logic": 0,
            "wrapper": {
                "width": "",
                "class": "",
                "id": ""
            },
            "placement": "top",
            "endpoint": 0
        },
        {
            "key": "field_62bdf15ab3196",
            "label": "Margin",
            "name": "component_margin",
            "type": "group",
            "instructions": "",
            "required": 0,
            "conditional_logic": 0,
            "wrapper": {
                "width": "",
                "class": "",
                "id": ""
            },
            "layout": "block",
            "sub_fields": [
                {
                    "key": "field_62bdf15ab3197",
                    "label": "Top",
                    "name": "top",
                    "type": "number",
                    "instructions": "",
                    "required": 1,
                    "conditional_logic": 0,
                    "wrapper": {
                        "width": "50",
                        "class": "",
                        "id": ""
                    },
                    "default_value": 20,
                    "placeholder": "",
                    "prepend": "",
                    "append": "px",
                    "min": "",
                    "max": "",
                    "step": 1
                },
                {
                    "key": "field_62bdf15ab3198",
                    "label": "Bottom",
                    "name": "bottom",
                    "type": "number",
                    "instructions": "",
                    "required": 1,
                    "conditional_logic": 0,
                    "wrapper": {
                        "width": "50",
                        "class": "",
                        "id": ""
                    },
                    "default_value": 20,
                    "placeholder": "",
                    "prepend": "",
                    "append": "px",
                    "min": "",
                    "max": "",
                    "step": 1
                },
                {
                    "key": "field_62bdf15ab3199",
                    "label": "Left",
                    "name": "left",
                    "type": "number",
                    "instructions": "",
                    "required": 1,
                    "conditional_logic": 0,
                    "wrapper": {
                        "width": "50",
                        "class": "",
                        "id": ""
                    },
                    "default_value": 0,
                    "placeholder": "",
                    "prepend": "",
                    "append": "px",
                    "min": "",
                    "max": "",
                    "step": 1
                },
                {
                    "key": "field_62bdf15ab319a",
                    "label": "Right",
                    "name": "right",
                    "type": "number",
                    "instructions": "",
                    "required": 1,
                    "conditional_logic": 0,
                    "wrapper": {
                        "width": "50",
                        "class": "",
                        "id": ""
                    },
                    "default_value": 0,
                    "placeholder": "",
                    "prepend": "",
                    "append": "px",
                    "min": "",
                    "max": "",
                    "step": 1
                }
            ]
        },
        {
            "key": "field_62bdf1a0c77df",
            "label": "Pagination",
            "name": "pagination",
            "type": "number",
            "instructions": "",
            "required": 0,
            "conditional_logic": 0,
            "wrapper": {
                "width": "",
                "class": "",
                "id": ""
            },
            "default_value": 3,
            "placeholder": "",
            "prepend": "",
            "append": "posts per page",
            "min": "",
            "max": "",
            "step": ""
        }
    ],
    "location": [
        [
            {
                "param": "block",
                "operator": "==",
                "value": ""
            }
        ]
    ],
    "menu_order": 0,
    "position": "normal",
    "style": "default",
    "label_placement": "top",
    "instruction_placement": "label",
    "hide_on_screen": "",
    "active": true,
    "description": "",
    "show_in_rest": 0,
    "modified": 1661434959
}