{
    "key": "group_62bb5d1649723",
    "title": "Component: FAQs",
    "fields": [
        {
            "key": "field_62bc64cdca312",
            "label": "Content",
            "name": "",
            "type": "tab",
            "instructions": "",
            "required": 0,
            "conditional_logic": 0,
            "wrapper": {
                "width": "",
                "class": "",
                "id": ""
            },
            "placement": "top",
            "endpoint": 0
        },
        {
            "key": "field_62bc48ea8cf34",
            "label": "Items",
            "name": "items",
            "type": "repeater",
            "instructions": "",
            "required": 0,
            "conditional_logic": 0,
            "wrapper": {
                "width": "",
                "class": "",
                "id": ""
            },
            "collapsed": "",
            "min": 0,
            "max": 0,
            "layout": "block",
            "button_label": "",
            "sub_fields": [
                {
                    "key": "field_62bc4a0e8cf35",
                    "label": "Item type",
                    "name": "item_type",
                    "type": "select",
                    "instructions": "",
                    "required": 0,
                    "conditional_logic": 0,
                    "wrapper": {
                        "width": "",
                        "class": "",
                        "id": ""
                    },
                    "choices": {
                        "faq": "FAQ",
                        "spacer": "Spacer",
                        "image": "Image"
                    },
                    "default_value": false,
                    "allow_null": 0,
                    "multiple": 0,
                    "ui": 0,
                    "return_format": "value",
                    "ajax": 0,
                    "placeholder": ""
                },
                {
                    "key": "field_62bc4b2ef0efc",
                    "label": "Item title",
                    "name": "item_title",
                    "type": "wysiwyg",
                    "instructions": "",
                    "required": 0,
                    "conditional_logic": [
                        [
                            {
                                "field": "field_62bc4a0e8cf35",
                                "operator": "==",
                                "value": "faq"
                            }
                        ]
                    ],
                    "wrapper": {
                        "width": "",
                        "class": "",
                        "id": ""
                    },
                    "default_value": "",
                    "tabs": "all",
                    "toolbar": "full",
                    "media_upload": 1,
                    "delay": 0
                },
                {
                    "key": "field_62bc4b5bf0efd",
                    "label": "Item content",
                    "name": "item_content",
                    "type": "wysiwyg",
                    "instructions": "",
                    "required": 0,
                    "conditional_logic": [
                        [
                            {
                                "field": "field_62bc4a0e8cf35",
                                "operator": "==",
                                "value": "faq"
                            }
                        ]
                    ],
                    "wrapper": {
                        "width": "",
                        "class": "",
                        "id": ""
                    },
                    "default_value": "",
                    "tabs": "all",
                    "toolbar": "full",
                    "media_upload": 1,
                    "delay": 0
                },
                {
                    "key": "field_62bc4b67f0efe",
                    "label": "Background Color",
                    "name": "background_color",
                    "type": "color_picker",
                    "instructions": "",
                    "required": 0,
                    "conditional_logic": [
                        [
                            {
                                "field": "field_62bc4a0e8cf35",
                                "operator": "==",
                                "value": "faq"
                            }
                        ],
                        [
                            {
                                "field": "field_62bc4a0e8cf35",
                                "operator": "==",
                                "value": "spacer"
                            }
                        ]
                    ],
                    "wrapper": {
                        "width": "",
                        "class": "",
                        "id": ""
                    },
                    "default_value": "#20404D",
                    "enable_opacity": 0,
                    "return_format": "string"
                },
                {
                    "key": "field_62bc58c1cf432",
                    "label": "Text Color",
                    "name": "text_color",
                    "type": "color_picker",
                    "instructions": "",
                    "required": 0,
                    "conditional_logic": [
                        [
                            {
                                "field": "field_62bc4a0e8cf35",
                                "operator": "==",
                                "value": "faq"
                            }
                        ]
                    ],
                    "wrapper": {
                        "width": "",
                        "class": "",
                        "id": ""
                    },
                    "default_value": "#FFFFFF",
                    "enable_opacity": 0,
                    "return_format": "string"
                },
                {
                    "key": "field_62bc666e8a8cf",
                    "label": "Min Height",
                    "name": "min_height",
                    "type": "number",
                    "instructions": "",
                    "required": 0,
                    "conditional_logic": [
                        [
                            {
                                "field": "field_62bc4a0e8cf35",
                                "operator": "==",
                                "value": "spacer"
                            }
                        ],
                        [
                            {
                                "field": "field_62bc4a0e8cf35",
                                "operator": "==",
                                "value": "image"
                            }
                        ]
                    ],
                    "wrapper": {
                        "width": "",
                        "class": "",
                        "id": ""
                    },
                    "default_value": "",
                    "placeholder": "",
                    "prepend": "",
                    "append": "px",
                    "min": "",
                    "max": "",
                    "step": ""
                },
                {
                    "key": "field_62bc4bc9f0f00",
                    "label": "Background Image",
                    "name": "background_image",
                    "type": "image",
                    "instructions": "",
                    "required": 0,
                    "conditional_logic": [
                        [
                            {
                                "field": "field_62bc4a0e8cf35",
                                "operator": "==",
                                "value": "image"
                            }
                        ],
                        [
                            {
                                "field": "field_62bc4a0e8cf35",
                                "operator": "==",
                                "value": "faq"
                            }
                        ]
                    ],
                    "wrapper": {
                        "width": "",
                        "class": "",
                        "id": ""
                    },
                    "return_format": "url",
                    "preview_size": "medium",
                    "library": "all",
                    "min_width": "",
                    "min_height": "",
                    "min_size": "",
                    "max_width": "",
                    "max_height": "",
                    "max_size": "",
                    "mime_types": ""
                },
                {
                    "key": "field_62c85b5908e94",
                    "label": "Background",
                    "name": "background",
                    "type": "group",
                    "instructions": "",
                    "required": 0,
                    "conditional_logic": [
                        [
                            {
                                "field": "field_62bc4a0e8cf35",
                                "operator": "==",
                                "value": "faq"
                            },
                            {
                                "field": "field_62bc4bc9f0f00",
                                "operator": "!=empty"
                            }
                        ]
                    ],
                    "wrapper": {
                        "width": "",
                        "class": "",
                        "id": ""
                    },
                    "layout": "block",
                    "sub_fields": [
                        {
                            "key": "field_62c85b5908e97",
                            "label": "Position",
                            "name": "position",
                            "type": "select",
                            "instructions": "",
                            "required": 1,
                            "conditional_logic": [
                                [
                                    {
                                        "field": "field_62bc48ea8cf34",
                                        "operator": "!=empty"
                                    }
                                ]
                            ],
                            "wrapper": {
                                "width": "33",
                                "class": "",
                                "id": ""
                            },
                            "choices": {
                                "left top": "left top",
                                "left center": "left center",
                                "left bottom": "left bottom",
                                "right top": "right top",
                                "right center": "right center",
                                "right bottom": "right bottom",
                                "center top": "center top",
                                "center center": "center center",
                                "center bottom": "center bottom",
                                "custom position": "custom position"
                            },
                            "default_value": "center center",
                            "allow_null": 0,
                            "multiple": 0,
                            "ui": 0,
                            "return_format": "value",
                            "ajax": 0,
                            "placeholder": ""
                        },
                        {
                            "key": "field_62d6a7ed6acdf",
                            "label": "Custom Position",
                            "name": "custom_position",
                            "type": "group",
                            "instructions": "",
                            "required": 0,
                            "conditional_logic": [
                                [
                                    {
                                        "field": "field_62c85b5908e97",
                                        "operator": "==",
                                        "value": "custom position"
                                    }
                                ]
                            ],
                            "wrapper": {
                                "width": "",
                                "class": "",
                                "id": ""
                            },
                            "layout": "block",
                            "sub_fields": [
                                {
                                    "key": "field_62d6a80c6ace0",
                                    "label": "X Axis",
                                    "name": "x_axis",
                                    "type": "number",
                                    "instructions": "",
                                    "required": 0,
                                    "conditional_logic": 0,
                                    "wrapper": {
                                        "width": "50",
                                        "class": "",
                                        "id": ""
                                    },
                                    "default_value": 0,
                                    "placeholder": "",
                                    "prepend": "",
                                    "append": "",
                                    "min": "",
                                    "max": "",
                                    "step": ""
                                },
                                {
                                    "key": "field_62d6a8186ace1",
                                    "label": "Y Axis",
                                    "name": "y_axis",
                                    "type": "number",
                                    "instructions": "",
                                    "required": 0,
                                    "conditional_logic": 0,
                                    "wrapper": {
                                        "width": "50",
                                        "class": "",
                                        "id": ""
                                    },
                                    "default_value": 0,
                                    "placeholder": "",
                                    "prepend": "",
                                    "append": "",
                                    "min": "",
                                    "max": "",
                                    "step": ""
                                }
                            ]
                        },
                        {
                            "key": "field_62c85b5908e98",
                            "label": "Size",
                            "name": "size",
                            "type": "select",
                            "instructions": "",
                            "required": 1,
                            "conditional_logic": [
                                [
                                    {
                                        "field": "field_62c85b5908e96",
                                        "operator": "!=empty",
                                        "value": ""
                                    }
                                ]
                            ],
                            "wrapper": {
                                "width": "33",
                                "class": "",
                                "id": ""
                            },
                            "choices": {
                                "auto": "auto",
                                "cover": "cover",
                                "contain": "contain",
                                "initial": "initial",
                                "inherit": "inherit"
                            },
                            "default_value": "auto",
                            "allow_null": 0,
                            "multiple": 0,
                            "ui": 0,
                            "ajax": 0,
                            "return_format": "value",
                            "placeholder": ""
                        },
                        {
                            "key": "field_62c85b5908e99",
                            "label": "Repeat",
                            "name": "repeat",
                            "type": "select",
                            "instructions": "",
                            "required": 1,
                            "conditional_logic": [
                                [
                                    {
                                        "field": "field_62c85b5908e96",
                                        "operator": "!=empty",
                                        "value": ""
                                    }
                                ]
                            ],
                            "wrapper": {
                                "width": "33",
                                "class": "",
                                "id": ""
                            },
                            "choices": {
                                "repeat": "repeat",
                                "repeat-x": "repeat-x",
                                "repeat-y": "repeat-y",
                                "no-repeat": "no-repeat",
                                "initial": "initial",
                                "inherit": "inherit"
                            },
                            "default_value": "no-repeat",
                            "allow_null": 0,
                            "multiple": 0,
                            "ui": 0,
                            "ajax": 0,
                            "return_format": "value",
                            "placeholder": ""
                        }
                    ]
                },
                {
                    "key": "field_62bc6de91f1c1",
                    "label": "Border Radius",
                    "name": "border_radius",
                    "type": "group",
                    "instructions": "",
                    "required": 0,
                    "conditional_logic": 0,
                    "wrapper": {
                        "width": "",
                        "class": "",
                        "id": ""
                    },
                    "layout": "block",
                    "sub_fields": [
                        {
                            "key": "field_62bc6e2c28177",
                            "label": "Top Left",
                            "name": "top",
                            "type": "number",
                            "instructions": "",
                            "required": 0,
                            "conditional_logic": 0,
                            "wrapper": {
                                "width": "25",
                                "class": "",
                                "id": ""
                            },
                            "default_value": 0,
                            "placeholder": "",
                            "prepend": "",
                            "append": "px",
                            "min": "",
                            "max": "",
                            "step": ""
                        },
                        {
                            "key": "field_62bc6e3b28178",
                            "label": "Top Right",
                            "name": "right",
                            "type": "number",
                            "instructions": "",
                            "required": 0,
                            "conditional_logic": 0,
                            "wrapper": {
                                "width": "25",
                                "class": "",
                                "id": ""
                            },
                            "default_value": 0,
                            "placeholder": "",
                            "prepend": "",
                            "append": "px",
                            "min": "",
                            "max": "",
                            "step": ""
                        },
                        {
                            "key": "field_62bc6e4628179",
                            "label": "Bottom Right",
                            "name": "bottom",
                            "type": "number",
                            "instructions": "",
                            "required": 0,
                            "conditional_logic": 0,
                            "wrapper": {
                                "width": "25",
                                "class": "",
                                "id": ""
                            },
                            "default_value": 0,
                            "placeholder": "",
                            "prepend": "",
                            "append": "px",
                            "min": "",
                            "max": "",
                            "step": ""
                        },
                        {
                            "key": "field_62bc6e522817a",
                            "label": "Bottom Left",
                            "name": "left",
                            "type": "number",
                            "instructions": "",
                            "required": 0,
                            "conditional_logic": 0,
                            "wrapper": {
                                "width": "25",
                                "class": "",
                                "id": ""
                            },
                            "default_value": 0,
                            "placeholder": "",
                            "prepend": "",
                            "append": "px",
                            "min": "",
                            "max": "",
                            "step": ""
                        }
                    ]
                }
            ]
        },
        {
            "key": "field_62bc64d9ca313",
            "label": "Design",
            "name": "",
            "type": "tab",
            "instructions": "",
            "required": 0,
            "conditional_logic": 0,
            "wrapper": {
                "width": "",
                "class": "",
                "id": ""
            },
            "placement": "top",
            "endpoint": 0
        },
        {
            "key": "field_62bc4a518cf36",
            "label": "Layout",
            "name": "layout",
            "type": "select",
            "instructions": "Layout One: 1 row on the left (40% width). 2 rows on the right (60% width - Do NOT use more than three rows in repeater). <br>\r\nLayout Two:  1 row on the left (60% width). 1 row on the right (40% width). <br>\r\nLayout Three: 1 row on the left (40% width). 1 row on the right (60% width). <br>\r\nLayout Four: 2 rows on the left (40% width). 1 row on the right (60% width - Do NOT use more than three rows in repeater). <br>\r\nLayout Five: 1 row on the left (50% width). 1 row on the right (50% width). <br>\r\nLayout Six: 2 rows on the left (60% width). 1 row on the right (40% width - Do NOT use more than three rows in repeater). <br>",
            "required": 0,
            "conditional_logic": 0,
            "wrapper": {
                "width": "",
                "class": "",
                "id": ""
            },
            "choices": {
                "layout-one": "Layout One",
                "layout-two": "Layout Two",
                "layout-three": "Layout Three",
                "layout-four": "Layout Four",
                "layout-five": "Layout Five",
                "layout-six": "Layout Six"
            },
            "default_value": false,
            "allow_null": 0,
            "multiple": 0,
            "ui": 0,
            "return_format": "value",
            "ajax": 0,
            "placeholder": ""
        },
        {
            "key": "field_62bc6457c15dd",
            "label": "Margin",
            "name": "component_margin",
            "type": "group",
            "instructions": "",
            "required": 0,
            "conditional_logic": 0,
            "wrapper": {
                "width": "",
                "class": "",
                "id": ""
            },
            "layout": "block",
            "sub_fields": [
                {
                    "key": "field_62bc6457c15de",
                    "label": "Top",
                    "name": "top",
                    "type": "number",
                    "instructions": "",
                    "required": 1,
                    "conditional_logic": 0,
                    "wrapper": {
                        "width": "50",
                        "class": "",
                        "id": ""
                    },
                    "default_value": 20,
                    "placeholder": "",
                    "prepend": "",
                    "append": "px",
                    "min": "",
                    "max": "",
                    "step": 1
                },
                {
                    "key": "field_62bc6457c15df",
                    "label": "Bottom",
                    "name": "bottom",
                    "type": "number",
                    "instructions": "",
                    "required": 1,
                    "conditional_logic": 0,
                    "wrapper": {
                        "width": "50",
                        "class": "",
                        "id": ""
                    },
                    "default_value": 20,
                    "placeholder": "",
                    "prepend": "",
                    "append": "px",
                    "min": "",
                    "max": "",
                    "step": 1
                },
                {
                    "key": "field_62bc6457c15e0",
                    "label": "Left",
                    "name": "left",
                    "type": "number",
                    "instructions": "",
                    "required": 1,
                    "conditional_logic": 0,
                    "wrapper": {
                        "width": "50",
                        "class": "",
                        "id": ""
                    },
                    "default_value": 0,
                    "placeholder": "",
                    "prepend": "",
                    "append": "px",
                    "min": "",
                    "max": "",
                    "step": 1
                },
                {
                    "key": "field_62bc6457c15e1",
                    "label": "Right",
                    "name": "right",
                    "type": "number",
                    "instructions": "",
                    "required": 1,
                    "conditional_logic": 0,
                    "wrapper": {
                        "width": "50",
                        "class": "",
                        "id": ""
                    },
                    "default_value": 0,
                    "placeholder": "",
                    "prepend": "",
                    "append": "px",
                    "min": "",
                    "max": "",
                    "step": 1
                }
            ]
        }
    ],
    "location": [
        [
            {
                "param": "block",
                "operator": "==",
                "value": ""
            }
        ]
    ],
    "menu_order": 0,
    "position": "normal",
    "style": "default",
    "label_placement": "top",
    "instruction_placement": "label",
    "hide_on_screen": "",
    "active": true,
    "description": "",
    "show_in_rest": 0,
    "modified": 1661434955
}