{
    "key": "group_62b60da7b483c",
    "title": "Component: Single Image",
    "fields": [
        {
            "key": "field_62b60dae07b61",
            "label": "Content",
            "name": "",
            "type": "tab",
            "instructions": "",
            "required": 0,
            "conditional_logic": 0,
            "wrapper": {
                "width": "",
                "class": "",
                "id": ""
            },
            "placement": "top",
            "endpoint": 0
        },
        {
            "key": "field_62b60dbd07b62",
            "label": "Source",
            "name": "source",
            "type": "image",
            "instructions": "",
            "required": 1,
            "conditional_logic": 0,
            "wrapper": {
                "width": "",
                "class": "",
                "id": ""
            },
            "return_format": "array",
            "preview_size": "medium",
            "library": "all",
            "min_width": "",
            "min_height": "",
            "min_size": "",
            "max_width": "",
            "max_height": "",
            "max_size": "",
            "mime_types": ""
        },
        {
            "key": "field_62cd9c69bceaf",
            "label": "Image Link",
            "name": "image_link",
            "type": "link",
            "instructions": "",
            "required": 0,
            "conditional_logic": 0,
            "wrapper": {
                "width": "",
                "class": "",
                "id": ""
            },
            "return_format": "array"
        },
        {
            "key": "field_62b9fd238344d",
            "label": "Design",
            "name": "",
            "type": "tab",
            "instructions": "",
            "required": 0,
            "conditional_logic": 0,
            "wrapper": {
                "width": "",
                "class": "",
                "id": ""
            },
            "placement": "top",
            "endpoint": 0
        },
        {
            "key": "field_62b9fd5f85c62",
            "label": "Margin",
            "name": "component_margin",
            "type": "group",
            "instructions": "",
            "required": 0,
            "conditional_logic": 0,
            "wrapper": {
                "width": "",
                "class": "",
                "id": ""
            },
            "layout": "block",
            "sub_fields": [
                {
                    "key": "field_62b9fd5f85c63",
                    "label": "Top",
                    "name": "top",
                    "type": "number",
                    "instructions": "",
                    "required": 1,
                    "conditional_logic": 0,
                    "wrapper": {
                        "width": "50",
                        "class": "",
                        "id": ""
                    },
                    "default_value": 20,
                    "placeholder": "",
                    "prepend": "",
                    "append": "px",
                    "min": "",
                    "max": "",
                    "step": 1
                },
                {
                    "key": "field_62b9fd5f85c64",
                    "label": "Bottom",
                    "name": "bottom",
                    "type": "number",
                    "instructions": "",
                    "required": 1,
                    "conditional_logic": 0,
                    "wrapper": {
                        "width": "50",
                        "class": "",
                        "id": ""
                    },
                    "default_value": 20,
                    "placeholder": "",
                    "prepend": "",
                    "append": "px",
                    "min": "",
                    "max": "",
                    "step": 1
                },
                {
                    "key": "field_62b9fd5f85c65",
                    "label": "Left",
                    "name": "left",
                    "type": "number",
                    "instructions": "",
                    "required": 1,
                    "conditional_logic": 0,
                    "wrapper": {
                        "width": "50",
                        "class": "",
                        "id": ""
                    },
                    "default_value": 0,
                    "placeholder": "",
                    "prepend": "",
                    "append": "px",
                    "min": "",
                    "max": "",
                    "step": 1
                },
                {
                    "key": "field_62b9fd5f85c66",
                    "label": "Right",
                    "name": "right",
                    "type": "number",
                    "instructions": "",
                    "required": 1,
                    "conditional_logic": 0,
                    "wrapper": {
                        "width": "50",
                        "class": "",
                        "id": ""
                    },
                    "default_value": 0,
                    "placeholder": "",
                    "prepend": "",
                    "append": "px",
                    "min": "",
                    "max": "",
                    "step": 1
                }
            ]
        },
        {
            "key": "field_62b9fd91a179a",
            "label": "Alignment",
            "name": "alignment",
            "type": "radio",
            "instructions": "",
            "required": 0,
            "conditional_logic": 0,
            "wrapper": {
                "width": "",
                "class": "",
                "id": ""
            },
            "choices": {
                "justify-content-start": "Left",
                "justify-content-center": "Center",
                "justify-content-end": "Right"
            },
            "allow_null": 0,
            "other_choice": 0,
            "default_value": "justify-content-center",
            "layout": "horizontal",
            "return_format": "value",
            "save_other_choice": 0
        },
        {
            "key": "field_62baf201ae057",
            "label": "Classes",
            "name": "classes",
            "type": "text",
            "instructions": "",
            "required": 0,
            "conditional_logic": 0,
            "wrapper": {
                "width": "",
                "class": "",
                "id": ""
            },
            "default_value": "",
            "placeholder": "",
            "prepend": "",
            "append": "",
            "maxlength": ""
        }
    ],
    "location": [
        [
            {
                "param": "block",
                "operator": "==",
                "value": ""
            }
        ]
    ],
    "menu_order": 0,
    "position": "normal",
    "style": "default",
    "label_placement": "top",
    "instruction_placement": "label",
    "hide_on_screen": "",
    "active": true,
    "description": "",
    "show_in_rest": 0,
    "modified": 1661434960
}