{
    "key": "group_5f5ed529b06b8",
    "title": "Page Content",
    "fields": [
        {
            "key": "field_5f62b300c928a",
            "label": "Content",
            "name": "page_content",
            "type": "repeater",
            "instructions": "",
            "required": 0,
            "conditional_logic": 0,
            "wrapper": {
                "width": "",
                "class": "",
                "id": ""
            },
            "collapsed": "",
            "min": 0,
            "max": 0,
            "layout": "block",
            "button_label": "Add Section",
            "sub_fields": [
                {
                    "key": "field_5f62c36651716",
                    "label": "Content",
                    "name": "",
                    "type": "tab",
                    "instructions": "",
                    "required": 0,
                    "conditional_logic": 0,
                    "wrapper": {
                        "width": "",
                        "class": "",
                        "id": ""
                    },
                    "placement": "top",
                    "endpoint": 0
                },
                {
                    "key": "field_5f62b717c928b",
                    "label": "Section",
                    "name": "section",
                    "type": "repeater",
                    "instructions": "",
                    "required": 0,
                    "conditional_logic": 0,
                    "wrapper": {
                        "width": "",
                        "class": "",
                        "id": ""
                    },
                    "collapsed": "",
                    "min": 0,
                    "max": 12,
                    "layout": "block",
                    "button_label": "Add Column",
                    "sub_fields": [
                        {
                            "key": "field_5f7cbc64aa430",
                            "label": "Content",
                            "name": "",
                            "type": "tab",
                            "instructions": "",
                            "required": 0,
                            "conditional_logic": 0,
                            "wrapper": {
                                "width": "",
                                "class": "",
                                "id": ""
                            },
                            "placement": "top",
                            "endpoint": 0
                        },
                        {
                            "key": "field_5f62b8b1c928c",
                            "label": "Column",
                            "name": "column",
                            "type": "flexible_content",
                            "instructions": "",
                            "required": 0,
                            "conditional_logic": 0,
                            "wrapper": {
                                "width": "",
                                "class": "",
                                "id": ""
                            },
                            "layouts": {
                                "layout_5f62b8baa1836": {
                                    "key": "layout_5f62b8baa1836",
                                    "name": "content",
                                    "label": "Content",
                                    "display": "block",
                                    "sub_fields": [
                                        {
                                            "key": "field_5f62bc4955a65",
                                            "label": "Content",
                                            "name": "content",
                                            "type": "clone",
                                            "instructions": "",
                                            "required": 0,
                                            "conditional_logic": 0,
                                            "wrapper": {
                                                "width": "",
                                                "class": "",
                                                "id": ""
                                            },
                                            "clone": [
                                                "group_5f62bbc216df6"
                                            ],
                                            "display": "seamless",
                                            "layout": "block",
                                            "prefix_label": 0,
                                            "prefix_name": 1
                                        }
                                    ],
                                    "min": "",
                                    "max": ""
                                },
                                "layout_62b61066a8f5f": {
                                    "key": "layout_62b61066a8f5f",
                                    "name": "single_image",
                                    "label": "Single Image",
                                    "display": "block",
                                    "sub_fields": [
                                        {
                                            "key": "field_62b6106ca8f60",
                                            "label": "Single Image",
                                            "name": "single_image",
                                            "type": "clone",
                                            "instructions": "",
                                            "required": 0,
                                            "conditional_logic": 0,
                                            "wrapper": {
                                                "width": "",
                                                "class": "",
                                                "id": ""
                                            },
                                            "clone": [
                                                "group_62b60da7b483c"
                                            ],
                                            "display": "seamless",
                                            "layout": "block",
                                            "prefix_label": 0,
                                            "prefix_name": 1
                                        }
                                    ],
                                    "min": "",
                                    "max": ""
                                },
                                "layout_61a79a6edc824": {
                                    "key": "layout_61a79a6edc824",
                                    "name": "buttons",
                                    "label": "Buttons",
                                    "display": "block",
                                    "sub_fields": [
                                        {
                                            "key": "field_61a79a6edc825",
                                            "label": "Buttons",
                                            "name": "buttons",
                                            "type": "clone",
                                            "instructions": "",
                                            "required": 0,
                                            "conditional_logic": 0,
                                            "wrapper": {
                                                "width": "",
                                                "class": "",
                                                "id": ""
                                            },
                                            "clone": [
                                                "group_602fe2244856e"
                                            ],
                                            "display": "seamless",
                                            "layout": "block",
                                            "prefix_label": 0,
                                            "prefix_name": 1
                                        }
                                    ],
                                    "min": "",
                                    "max": ""
                                },
                                "layout_62bb14fc271e5": {
                                    "key": "layout_62bb14fc271e5",
                                    "name": "carousel",
                                    "label": "Carousel",
                                    "display": "block",
                                    "sub_fields": [
                                        {
                                            "key": "field_62bb1500271e6",
                                            "label": "Carousel",
                                            "name": "carousel",
                                            "type": "clone",
                                            "instructions": "",
                                            "required": 0,
                                            "conditional_logic": 0,
                                            "wrapper": {
                                                "width": "",
                                                "class": "",
                                                "id": ""
                                            },
                                            "clone": [
                                                "group_62bb1335b585e"
                                            ],
                                            "display": "seamless",
                                            "layout": "block",
                                            "prefix_label": 0,
                                            "prefix_name": 1
                                        }
                                    ],
                                    "min": "",
                                    "max": ""
                                },
                                "layout_62bb294d8571e": {
                                    "key": "layout_62bb294d8571e",
                                    "name": "tabs",
                                    "label": "Tabs",
                                    "display": "block",
                                    "sub_fields": [
                                        {
                                            "key": "field_62bb29548571f",
                                            "label": "Tabs",
                                            "name": "tabs",
                                            "type": "clone",
                                            "instructions": "",
                                            "required": 0,
                                            "conditional_logic": 0,
                                            "wrapper": {
                                                "width": "",
                                                "class": "",
                                                "id": ""
                                            },
                                            "clone": [
                                                "group_62bb267c928bf"
                                            ],
                                            "display": "seamless",
                                            "layout": "block",
                                            "prefix_label": 0,
                                            "prefix_name": 1
                                        }
                                    ],
                                    "min": "",
                                    "max": ""
                                },
                                "layout_62bc4acfc967b": {
                                    "key": "layout_62bc4acfc967b",
                                    "name": "faqs",
                                    "label": "FAQs",
                                    "display": "block",
                                    "sub_fields": [
                                        {
                                            "key": "field_62bc4ad4c967c",
                                            "label": "FAQs",
                                            "name": "faqs",
                                            "type": "clone",
                                            "instructions": "",
                                            "required": 0,
                                            "conditional_logic": 0,
                                            "wrapper": {
                                                "width": "",
                                                "class": "",
                                                "id": ""
                                            },
                                            "clone": [
                                                "group_62bb5d1649723"
                                            ],
                                            "display": "seamless",
                                            "layout": "block",
                                            "prefix_label": 0,
                                            "prefix_name": 1
                                        }
                                    ],
                                    "min": "",
                                    "max": ""
                                },
                                "layout_62bdf1e93de29": {
                                    "key": "layout_62bdf1e93de29",
                                    "name": "posts_grid",
                                    "label": "Posts Grid",
                                    "display": "block",
                                    "sub_fields": [
                                        {
                                            "key": "field_62bdf1ef3de2a",
                                            "label": "Posts Grid",
                                            "name": "posts_grid",
                                            "type": "clone",
                                            "instructions": "",
                                            "required": 0,
                                            "conditional_logic": 0,
                                            "wrapper": {
                                                "width": "",
                                                "class": "",
                                                "id": ""
                                            },
                                            "clone": [
                                                "group_62bded3e09008"
                                            ],
                                            "display": "seamless",
                                            "layout": "block",
                                            "prefix_label": 0,
                                            "prefix_name": 1
                                        }
                                    ],
                                    "min": "",
                                    "max": ""
                                }
                            },
                            "button_label": "Add Component",
                            "min": "",
                            "max": ""
                        },
                        {
                            "key": "field_5f7cbc72aa431",
                            "label": "Settings",
                            "name": "",
                            "type": "tab",
                            "instructions": "",
                            "required": 0,
                            "conditional_logic": 0,
                            "wrapper": {
                                "width": "",
                                "class": "",
                                "id": ""
                            },
                            "placement": "top",
                            "endpoint": 0
                        },
                        {
                            "key": "field_5f7cbc7aaa432",
                            "label": "Column Size",
                            "name": "column_size",
                            "type": "range",
                            "instructions": "",
                            "required": 1,
                            "conditional_logic": 0,
                            "wrapper": {
                                "width": "",
                                "class": "",
                                "id": ""
                            },
                            "default_value": 12,
                            "min": 1,
                            "max": 12,
                            "step": 1,
                            "prepend": "",
                            "append": ""
                        },
                        {
                            "key": "field_6026f478e1f5d",
                            "label": "Class",
                            "name": "column_class",
                            "type": "text",
                            "instructions": "",
                            "required": 0,
                            "conditional_logic": 0,
                            "wrapper": {
                                "width": "",
                                "class": "",
                                "id": ""
                            },
                            "default_value": "",
                            "placeholder": "",
                            "prepend": "",
                            "append": "",
                            "maxlength": ""
                        }
                    ]
                },
                {
                    "key": "field_5f62c37651717",
                    "label": "Settings",
                    "name": "",
                    "type": "tab",
                    "instructions": "",
                    "required": 0,
                    "conditional_logic": 0,
                    "wrapper": {
                        "width": "",
                        "class": "",
                        "id": ""
                    },
                    "placement": "top",
                    "endpoint": 0
                },
                {
                    "key": "field_6037a7752af11",
                    "label": "ID",
                    "name": "section_id",
                    "type": "text",
                    "instructions": "",
                    "required": 0,
                    "conditional_logic": 0,
                    "wrapper": {
                        "width": "50",
                        "class": "",
                        "id": ""
                    },
                    "default_value": "",
                    "placeholder": "",
                    "prepend": "",
                    "append": "",
                    "maxlength": ""
                },
                {
                    "key": "field_6037a78e2af12",
                    "label": "Class",
                    "name": "section_class",
                    "type": "text",
                    "instructions": "",
                    "required": 0,
                    "conditional_logic": 0,
                    "wrapper": {
                        "width": "50",
                        "class": "",
                        "id": ""
                    },
                    "default_value": "",
                    "placeholder": "",
                    "prepend": "",
                    "append": "",
                    "maxlength": ""
                },
                {
                    "key": "field_5f62c38051718",
                    "label": "Full width",
                    "name": "full_width",
                    "type": "true_false",
                    "instructions": "",
                    "required": 0,
                    "conditional_logic": 0,
                    "wrapper": {
                        "width": "",
                        "class": "",
                        "id": ""
                    },
                    "message": "",
                    "default_value": 0,
                    "ui": 1,
                    "ui_on_text": "",
                    "ui_off_text": ""
                },
                {
                    "key": "field_5f7bcc7f9cb0e",
                    "label": "Columns Vertical Alignment",
                    "name": "columns_vertical_alignment",
                    "type": "select",
                    "instructions": "",
                    "required": 1,
                    "conditional_logic": 0,
                    "wrapper": {
                        "width": "50",
                        "class": "",
                        "id": ""
                    },
                    "choices": {
                        "align-none": "None",
                        "align-items-start": "Top",
                        "align-items-center": "Center",
                        "align-items-end": "Bottom"
                    },
                    "default_value": "align-none",
                    "allow_null": 0,
                    "multiple": 0,
                    "ui": 0,
                    "return_format": "value",
                    "ajax": 0,
                    "placeholder": ""
                },
                {
                    "key": "field_5f7cbe26a1393",
                    "label": "Columns Horizontal Alignment",
                    "name": "columns_horizontal_alignment",
                    "type": "select",
                    "instructions": "",
                    "required": 1,
                    "conditional_logic": 0,
                    "wrapper": {
                        "width": "50",
                        "class": "",
                        "id": ""
                    },
                    "choices": {
                        "justify-none": "None",
                        "justify-content-start": "Left",
                        "justify-content-center": "Center",
                        "justify-content-end": "Right"
                    },
                    "default_value": "justify-none",
                    "allow_null": 0,
                    "multiple": 0,
                    "ui": 0,
                    "return_format": "value",
                    "ajax": 0,
                    "placeholder": ""
                },
                {
                    "key": "field_62cc5027be8aa",
                    "label": "Invert columns in mobile",
                    "name": "invert_columns_mobile",
                    "type": "true_false",
                    "instructions": "",
                    "required": 0,
                    "conditional_logic": 0,
                    "wrapper": {
                        "width": "",
                        "class": "",
                        "id": ""
                    },
                    "message": "",
                    "default_value": 0,
                    "ui": 1,
                    "ui_on_text": "Yes",
                    "ui_off_text": "No"
                },
                {
                    "key": "field_5f62e2c0c4045",
                    "label": "Margin",
                    "name": "margin",
                    "type": "group",
                    "instructions": "",
                    "required": 0,
                    "conditional_logic": 0,
                    "wrapper": {
                        "width": "",
                        "class": "",
                        "id": ""
                    },
                    "layout": "block",
                    "sub_fields": [
                        {
                            "key": "field_5f62e2d3c4046",
                            "label": "Top",
                            "name": "top",
                            "type": "number",
                            "instructions": "",
                            "required": 1,
                            "conditional_logic": 0,
                            "wrapper": {
                                "width": "50",
                                "class": "",
                                "id": ""
                            },
                            "default_value": 40,
                            "placeholder": "",
                            "prepend": "",
                            "append": "px",
                            "min": "",
                            "max": "",
                            "step": 1
                        },
                        {
                            "key": "field_5f62e43dc4047",
                            "label": "Bottom",
                            "name": "bottom",
                            "type": "number",
                            "instructions": "",
                            "required": 1,
                            "conditional_logic": 0,
                            "wrapper": {
                                "width": "50",
                                "class": "",
                                "id": ""
                            },
                            "default_value": 40,
                            "placeholder": "",
                            "prepend": "",
                            "append": "px",
                            "min": "",
                            "max": "",
                            "step": 1
                        },
                        {
                            "key": "field_5f62e445c4048",
                            "label": "Left",
                            "name": "left",
                            "type": "number",
                            "instructions": "",
                            "required": 1,
                            "conditional_logic": 0,
                            "wrapper": {
                                "width": "50",
                                "class": "",
                                "id": ""
                            },
                            "default_value": 0,
                            "placeholder": "",
                            "prepend": "",
                            "append": "px",
                            "min": "",
                            "max": "",
                            "step": 1
                        },
                        {
                            "key": "field_5f62e44ec4049",
                            "label": "Right",
                            "name": "right",
                            "type": "number",
                            "instructions": "",
                            "required": 1,
                            "conditional_logic": 0,
                            "wrapper": {
                                "width": "50",
                                "class": "",
                                "id": ""
                            },
                            "default_value": 0,
                            "placeholder": "",
                            "prepend": "",
                            "append": "px",
                            "min": "",
                            "max": "",
                            "step": 1
                        }
                    ]
                },
                {
                    "key": "field_5f6403f27f98b",
                    "label": "Padding",
                    "name": "padding",
                    "type": "group",
                    "instructions": "",
                    "required": 0,
                    "conditional_logic": 0,
                    "wrapper": {
                        "width": "",
                        "class": "",
                        "id": ""
                    },
                    "layout": "block",
                    "sub_fields": [
                        {
                            "key": "field_5f6403f27f98c",
                            "label": "Top",
                            "name": "top",
                            "type": "number",
                            "instructions": "",
                            "required": 1,
                            "conditional_logic": 0,
                            "wrapper": {
                                "width": "50",
                                "class": "",
                                "id": ""
                            },
                            "default_value": 0,
                            "placeholder": "",
                            "prepend": "",
                            "append": "px",
                            "min": "",
                            "max": "",
                            "step": 1
                        },
                        {
                            "key": "field_5f6403f27f98d",
                            "label": "Bottom",
                            "name": "bottom",
                            "type": "number",
                            "instructions": "",
                            "required": 1,
                            "conditional_logic": 0,
                            "wrapper": {
                                "width": "50",
                                "class": "",
                                "id": ""
                            },
                            "default_value": 0,
                            "placeholder": "",
                            "prepend": "",
                            "append": "px",
                            "min": "",
                            "max": "",
                            "step": 1
                        },
                        {
                            "key": "field_5f6403f27f98e",
                            "label": "Left",
                            "name": "left",
                            "type": "number",
                            "instructions": "",
                            "required": 1,
                            "conditional_logic": 0,
                            "wrapper": {
                                "width": "50",
                                "class": "",
                                "id": ""
                            },
                            "default_value": 0,
                            "placeholder": "",
                            "prepend": "",
                            "append": "px",
                            "min": "",
                            "max": "",
                            "step": 1
                        },
                        {
                            "key": "field_5f6403f27f98f",
                            "label": "Right",
                            "name": "right",
                            "type": "number",
                            "instructions": "",
                            "required": 1,
                            "conditional_logic": 0,
                            "wrapper": {
                                "width": "50",
                                "class": "",
                                "id": ""
                            },
                            "default_value": 0,
                            "placeholder": "",
                            "prepend": "",
                            "append": "px",
                            "min": "",
                            "max": "",
                            "step": 1
                        }
                    ]
                },
                {
                    "key": "field_5f63fd61b8a9b",
                    "label": "Background",
                    "name": "background",
                    "type": "group",
                    "instructions": "",
                    "required": 0,
                    "conditional_logic": 0,
                    "wrapper": {
                        "width": "",
                        "class": "",
                        "id": ""
                    },
                    "layout": "block",
                    "sub_fields": [
                        {
                            "key": "field_5f63fd90b8a9c",
                            "label": "Color",
                            "name": "color",
                            "type": "color_picker",
                            "instructions": "",
                            "required": 0,
                            "conditional_logic": 0,
                            "wrapper": {
                                "width": "50",
                                "class": "",
                                "id": ""
                            },
                            "default_value": "",
                            "enable_opacity": false,
                            "return_format": "string"
                        },
                        {
                            "key": "field_5f63fdadb8a9d",
                            "label": "Image",
                            "name": "image",
                            "type": "image",
                            "instructions": "",
                            "required": 0,
                            "conditional_logic": 0,
                            "wrapper": {
                                "width": "50",
                                "class": "",
                                "id": ""
                            },
                            "return_format": "url",
                            "preview_size": "medium",
                            "library": "all",
                            "min_width": "",
                            "min_height": "",
                            "min_size": "",
                            "max_width": "",
                            "max_height": "",
                            "max_size": "",
                            "mime_types": ""
                        },
                        {
                            "key": "field_5f63fdc9b8a9e",
                            "label": "Position",
                            "name": "position",
                            "type": "select",
                            "instructions": "",
                            "required": 1,
                            "conditional_logic": [
                                [
                                    {
                                        "field": "field_5f63fdadb8a9d",
                                        "operator": "!=empty"
                                    }
                                ]
                            ],
                            "wrapper": {
                                "width": "33",
                                "class": "",
                                "id": ""
                            },
                            "choices": {
                                "left top": "left top",
                                "left center": "left center",
                                "left bottom": "left bottom",
                                "right top": "right top",
                                "right center": "right center",
                                "right bottom": "right bottom",
                                "center top": "center top",
                                "center center": "center center",
                                "center bottom": "center bottom"
                            },
                            "default_value": "center center",
                            "allow_null": 0,
                            "multiple": 0,
                            "ui": 0,
                            "return_format": "value",
                            "ajax": 0,
                            "placeholder": ""
                        },
                        {
                            "key": "field_5f63fe70b8a9f",
                            "label": "Size",
                            "name": "size",
                            "type": "select",
                            "instructions": "",
                            "required": 1,
                            "conditional_logic": [
                                [
                                    {
                                        "field": "field_5f63fdadb8a9d",
                                        "operator": "!=empty"
                                    }
                                ]
                            ],
                            "wrapper": {
                                "width": "33",
                                "class": "",
                                "id": ""
                            },
                            "choices": {
                                "auto": "auto",
                                "cover": "cover",
                                "contain": "contain",
                                "initial": "initial",
                                "inherit": "inherit"
                            },
                            "default_value": "auto",
                            "allow_null": 0,
                            "multiple": 0,
                            "ui": 0,
                            "return_format": "value",
                            "ajax": 0,
                            "placeholder": ""
                        },
                        {
                            "key": "field_5f63fef5b8aa0",
                            "label": "Repeat",
                            "name": "repeat",
                            "type": "select",
                            "instructions": "",
                            "required": 1,
                            "conditional_logic": [
                                [
                                    {
                                        "field": "field_5f63fdadb8a9d",
                                        "operator": "!=empty"
                                    }
                                ]
                            ],
                            "wrapper": {
                                "width": "33",
                                "class": "",
                                "id": ""
                            },
                            "choices": {
                                "repeat": "repeat",
                                "repeat-x": "repeat-x",
                                "repeat-y": "repeat-y",
                                "no-repeat": "no-repeat",
                                "initial": "initial",
                                "inherit": "inherit"
                            },
                            "default_value": "no-repeat",
                            "allow_null": 0,
                            "multiple": 0,
                            "ui": 0,
                            "return_format": "value",
                            "ajax": 0,
                            "placeholder": ""
                        },
                        {
                            "key": "field_62e2f4af67bcf",
                            "label": "Background Video",
                            "name": "video",
                            "type": "file",
                            "instructions": "",
                            "required": 0,
                            "conditional_logic": 0,
                            "wrapper": {
                                "width": "",
                                "class": "",
                                "id": ""
                            },
                            "return_format": "url",
                            "library": "all",
                            "min_size": "",
                            "max_size": "",
                            "mime_types": ""
                        }
                    ]
                }
            ]
        }
    ],
    "location": [
        [
            {
                "param": "post_type",
                "operator": "==",
                "value": "page"
            },
            {
                "param": "page_template",
                "operator": "==",
                "value": "default"
            }
        ],
        [
            {
                "param": "post_type",
                "operator": "==",
                "value": "post"
            }
        ]
    ],
    "menu_order": 1,
    "position": "normal",
    "style": "default",
    "label_placement": "top",
    "instruction_placement": "label",
    "hide_on_screen": [
        "permalink",
        "the_content",
        "discussion",
        "comments",
        "revisions",
        "slug",
        "author",
        "format",
        "categories",
        "tags",
        "send-trackbacks"
    ],
    "active": true,
    "description": "",
    "show_in_rest": 0,
    "modified": 1661434968
}