{
    "key": "group_602fe2244856e",
    "title": "Component: Buttons",
    "fields": [
        {
            "key": "field_602fe2244d69e",
            "label": "Content",
            "name": "",
            "type": "tab",
            "instructions": "",
            "required": 0,
            "conditional_logic": 0,
            "wrapper": {
                "width": "",
                "class": "",
                "id": ""
            },
            "placement": "top",
            "endpoint": 0
        },
        {
            "key": "field_602fe256cd376",
            "label": "Buttons",
            "name": "buttons_buttons",
            "type": "repeater",
            "instructions": "",
            "required": 0,
            "conditional_logic": 0,
            "wrapper": {
                "width": "",
                "class": "",
                "id": ""
            },
            "collapsed": "",
            "min": 0,
            "max": 0,
            "layout": "block",
            "button_label": "Add Button",
            "sub_fields": [
                {
                    "key": "field_60300d17cd37a",
                    "label": "Content",
                    "name": "",
                    "type": "tab",
                    "instructions": "",
                    "required": 0,
                    "conditional_logic": 0,
                    "wrapper": {
                        "width": "",
                        "class": "",
                        "id": ""
                    },
                    "placement": "top",
                    "endpoint": 0
                },
                {
                    "key": "field_6030065ecd377",
                    "label": "Link",
                    "name": "link",
                    "type": "link",
                    "instructions": "",
                    "required": 1,
                    "conditional_logic": 0,
                    "wrapper": {
                        "width": "",
                        "class": "",
                        "id": ""
                    },
                    "return_format": "array"
                },
                {
                    "key": "field_60300d22cd37b",
                    "label": "Style",
                    "name": "",
                    "type": "tab",
                    "instructions": "",
                    "required": 0,
                    "conditional_logic": 0,
                    "wrapper": {
                        "width": "",
                        "class": "",
                        "id": ""
                    },
                    "placement": "top",
                    "endpoint": 0
                },
                {
                    "key": "field_60300d7dcd37e",
                    "label": "Background Color",
                    "name": "background_color",
                    "type": "color_picker",
                    "instructions": "",
                    "required": 1,
                    "conditional_logic": 0,
                    "wrapper": {
                        "width": "",
                        "class": "",
                        "id": ""
                    },
                    "default_value": "#D58BA1",
                    "enable_opacity": 0,
                    "return_format": "string"
                },
                {
                    "key": "field_60300d5ccd37d",
                    "label": "Border Color",
                    "name": "border_color",
                    "type": "color_picker",
                    "instructions": "",
                    "required": 0,
                    "conditional_logic": 0,
                    "wrapper": {
                        "width": "",
                        "class": "",
                        "id": ""
                    },
                    "default_value": "",
                    "enable_opacity": 0,
                    "return_format": "string"
                },
                {
                    "key": "field_62b9e1ef2bd14",
                    "label": "Border Radius",
                    "name": "border_radius",
                    "type": "number",
                    "instructions": "",
                    "required": 0,
                    "conditional_logic": 0,
                    "wrapper": {
                        "width": "",
                        "class": "",
                        "id": ""
                    },
                    "default_value": "",
                    "placeholder": "",
                    "prepend": "",
                    "append": "px",
                    "min": "",
                    "max": "",
                    "step": ""
                },
                {
                    "key": "field_60300d47cd37c",
                    "label": "Text Color",
                    "name": "text_color",
                    "type": "color_picker",
                    "instructions": "",
                    "required": 1,
                    "conditional_logic": 0,
                    "wrapper": {
                        "width": "",
                        "class": "",
                        "id": ""
                    },
                    "default_value": "#ffffff",
                    "enable_opacity": false,
                    "return_format": "string"
                },
                {
                    "key": "field_62b9f3d5a2ca9",
                    "label": "Classes",
                    "name": "classes",
                    "type": "text",
                    "instructions": "",
                    "required": 0,
                    "conditional_logic": 0,
                    "wrapper": {
                        "width": "",
                        "class": "",
                        "id": ""
                    },
                    "default_value": "",
                    "placeholder": "",
                    "prepend": "",
                    "append": "",
                    "maxlength": ""
                }
            ]
        },
        {
            "key": "field_6030067acd378",
            "label": "Layout",
            "name": "buttons_layout",
            "type": "radio",
            "instructions": "",
            "required": 1,
            "conditional_logic": 0,
            "wrapper": {
                "width": "50",
                "class": "",
                "id": ""
            },
            "choices": {
                "flex-lg-column": "Vertical",
                "flex-lg-row": "Horizontal"
            },
            "allow_null": 0,
            "other_choice": 0,
            "default_value": "Horizontal",
            "layout": "horizontal",
            "return_format": "value",
            "save_other_choice": 0
        },
        {
            "key": "field_6030077ecd379",
            "label": "Horizontal Alignment",
            "name": "buttons_horizontal_alignment",
            "type": "radio",
            "instructions": "",
            "required": 1,
            "conditional_logic": [
                [
                    {
                        "field": "field_6030067acd378",
                        "operator": "==",
                        "value": "flex-lg-row"
                    }
                ]
            ],
            "wrapper": {
                "width": "50",
                "class": "",
                "id": ""
            },
            "choices": {
                "justify-content-start": "Left",
                "justify-content-center": "Center",
                "justify-content-end": "Right"
            },
            "allow_null": 0,
            "other_choice": 0,
            "default_value": "justify-content-start",
            "layout": "horizontal",
            "return_format": "value",
            "save_other_choice": 0
        },
        {
            "key": "field_602fe2244d7f9",
            "label": "Settings",
            "name": "",
            "type": "tab",
            "instructions": "",
            "required": 0,
            "conditional_logic": 0,
            "wrapper": {
                "width": "",
                "class": "",
                "id": ""
            },
            "placement": "top",
            "endpoint": 0
        },
        {
            "key": "field_602fe2244d94e",
            "label": "Class",
            "name": "component_class",
            "type": "text",
            "instructions": "",
            "required": 0,
            "conditional_logic": 0,
            "wrapper": {
                "width": "",
                "class": "",
                "id": ""
            },
            "default_value": "",
            "placeholder": "",
            "prepend": "",
            "append": "",
            "maxlength": ""
        },
        {
            "key": "field_602fe2244d9f8",
            "label": "Margin",
            "name": "component_margin",
            "type": "group",
            "instructions": "",
            "required": 0,
            "conditional_logic": 0,
            "wrapper": {
                "width": "",
                "class": "",
                "id": ""
            },
            "layout": "block",
            "sub_fields": [
                {
                    "key": "field_602fe22456e54",
                    "label": "Top",
                    "name": "top",
                    "type": "number",
                    "instructions": "",
                    "required": 1,
                    "conditional_logic": 0,
                    "wrapper": {
                        "width": "50",
                        "class": "",
                        "id": ""
                    },
                    "default_value": 20,
                    "placeholder": "",
                    "prepend": "",
                    "append": "px",
                    "min": "",
                    "max": "",
                    "step": 1
                },
                {
                    "key": "field_602fe22456f07",
                    "label": "Bottom",
                    "name": "bottom",
                    "type": "number",
                    "instructions": "",
                    "required": 1,
                    "conditional_logic": 0,
                    "wrapper": {
                        "width": "50",
                        "class": "",
                        "id": ""
                    },
                    "default_value": 20,
                    "placeholder": "",
                    "prepend": "",
                    "append": "px",
                    "min": "",
                    "max": "",
                    "step": 1
                },
                {
                    "key": "field_602fe22456fb3",
                    "label": "Left",
                    "name": "left",
                    "type": "number",
                    "instructions": "",
                    "required": 1,
                    "conditional_logic": 0,
                    "wrapper": {
                        "width": "50",
                        "class": "",
                        "id": ""
                    },
                    "default_value": 0,
                    "placeholder": "",
                    "prepend": "",
                    "append": "px",
                    "min": "",
                    "max": "",
                    "step": 1
                },
                {
                    "key": "field_602fe2245705e",
                    "label": "Right",
                    "name": "right",
                    "type": "number",
                    "instructions": "",
                    "required": 1,
                    "conditional_logic": 0,
                    "wrapper": {
                        "width": "50",
                        "class": "",
                        "id": ""
                    },
                    "default_value": 0,
                    "placeholder": "",
                    "prepend": "",
                    "append": "px",
                    "min": "",
                    "max": "",
                    "step": 1
                }
            ]
        }
    ],
    "location": [
        [
            {
                "param": "block",
                "operator": "==",
                "value": ""
            }
        ]
    ],
    "menu_order": 0,
    "position": "normal",
    "style": "default",
    "label_placement": "top",
    "instruction_placement": "label",
    "hide_on_screen": "",
    "active": true,
    "description": "",
    "show_in_rest": 0,
    "modified": 1661434928
}