{
    "key": "group_62bb267c928bf",
    "title": "Component: Tabs",
    "fields": [
        {
            "key": "field_62bde8f436c99",
            "label": "Content",
            "name": "",
            "type": "tab",
            "instructions": "",
            "required": 0,
            "conditional_logic": 0,
            "wrapper": {
                "width": "",
                "class": "",
                "id": ""
            },
            "placement": "top",
            "endpoint": 0
        },
        {
            "key": "field_62bb283437b15",
            "label": "Tabs",
            "name": "tabs",
            "type": "repeater",
            "instructions": "",
            "required": 0,
            "conditional_logic": 0,
            "wrapper": {
                "width": "",
                "class": "",
                "id": ""
            },
            "collapsed": "",
            "min": 0,
            "max": 0,
            "layout": "block",
            "button_label": "",
            "sub_fields": [
                {
                    "key": "field_62bb284037b16",
                    "label": "Tab Title",
                    "name": "tab_title",
                    "type": "text",
                    "instructions": "",
                    "required": 0,
                    "conditional_logic": 0,
                    "wrapper": {
                        "width": "",
                        "class": "",
                        "id": ""
                    },
                    "default_value": "",
                    "placeholder": "",
                    "prepend": "",
                    "append": "",
                    "maxlength": ""
                },
                {
                    "key": "field_62bb284537b17",
                    "label": "Content",
                    "name": "content",
                    "type": "flexible_content",
                    "instructions": "",
                    "required": 0,
                    "conditional_logic": 0,
                    "wrapper": {
                        "width": "",
                        "class": "",
                        "id": ""
                    },
                    "layouts": {
                        "layout_62bb31341b06c": {
                            "key": "layout_62bb31341b06c",
                            "name": "content",
                            "label": "Content",
                            "display": "block",
                            "sub_fields": [
                                {
                                    "key": "field_62bb313b1b06d",
                                    "label": "Content",
                                    "name": "content",
                                    "type": "clone",
                                    "instructions": "",
                                    "required": 0,
                                    "conditional_logic": 0,
                                    "wrapper": {
                                        "width": "",
                                        "class": "",
                                        "id": ""
                                    },
                                    "clone": [
                                        "group_5f62bbc216df6"
                                    ],
                                    "display": "seamless",
                                    "layout": "block",
                                    "prefix_label": 0,
                                    "prefix_name": 1
                                }
                            ],
                            "min": "",
                            "max": ""
                        },
                        "layout_62bb28eb2c551": {
                            "key": "layout_62bb28eb2c551",
                            "name": "carousel",
                            "label": "Carousel",
                            "display": "block",
                            "sub_fields": [
                                {
                                    "key": "field_62bb290637b18",
                                    "label": "Carousel",
                                    "name": "carousel",
                                    "type": "clone",
                                    "instructions": "",
                                    "required": 0,
                                    "conditional_logic": 0,
                                    "wrapper": {
                                        "width": "",
                                        "class": "",
                                        "id": ""
                                    },
                                    "clone": [
                                        "group_62bb1335b585e"
                                    ],
                                    "display": "seamless",
                                    "layout": "block",
                                    "prefix_label": 0,
                                    "prefix_name": 1
                                }
                            ],
                            "min": "",
                            "max": ""
                        }
                    },
                    "button_label": "Add Component",
                    "min": "",
                    "max": ""
                }
            ]
        },
        {
            "key": "field_62bde90236c9a",
            "label": "Design",
            "name": "",
            "type": "tab",
            "instructions": "",
            "required": 0,
            "conditional_logic": 0,
            "wrapper": {
                "width": "",
                "class": "",
                "id": ""
            },
            "placement": "top",
            "endpoint": 0
        },
        {
            "key": "field_62bdb5e0cff06",
            "label": "Layout",
            "name": "layout",
            "type": "select",
            "instructions": "",
            "required": 0,
            "conditional_logic": 0,
            "wrapper": {
                "width": "",
                "class": "",
                "id": ""
            },
            "choices": {
                "vertical": "Vertical",
                "horizontal": "Horizontal"
            },
            "default_value": "vertical",
            "allow_null": 0,
            "multiple": 0,
            "ui": 0,
            "return_format": "value",
            "ajax": 0,
            "placeholder": ""
        },
        {
            "key": "field_62bde94edf743",
            "label": "Margin",
            "name": "component_margin",
            "type": "group",
            "instructions": "",
            "required": 0,
            "conditional_logic": 0,
            "wrapper": {
                "width": "",
                "class": "",
                "id": ""
            },
            "layout": "block",
            "sub_fields": [
                {
                    "key": "field_62bde94edf744",
                    "label": "Top",
                    "name": "top",
                    "type": "number",
                    "instructions": "",
                    "required": 1,
                    "conditional_logic": 0,
                    "wrapper": {
                        "width": "50",
                        "class": "",
                        "id": ""
                    },
                    "default_value": 20,
                    "placeholder": "",
                    "prepend": "",
                    "append": "px",
                    "min": "",
                    "max": "",
                    "step": 1
                },
                {
                    "key": "field_62bde94edf745",
                    "label": "Bottom",
                    "name": "bottom",
                    "type": "number",
                    "instructions": "",
                    "required": 1,
                    "conditional_logic": 0,
                    "wrapper": {
                        "width": "50",
                        "class": "",
                        "id": ""
                    },
                    "default_value": 20,
                    "placeholder": "",
                    "prepend": "",
                    "append": "px",
                    "min": "",
                    "max": "",
                    "step": 1
                },
                {
                    "key": "field_62bde94edf746",
                    "label": "Left",
                    "name": "left",
                    "type": "number",
                    "instructions": "",
                    "required": 1,
                    "conditional_logic": 0,
                    "wrapper": {
                        "width": "50",
                        "class": "",
                        "id": ""
                    },
                    "default_value": 0,
                    "placeholder": "",
                    "prepend": "",
                    "append": "px",
                    "min": "",
                    "max": "",
                    "step": 1
                },
                {
                    "key": "field_62bde94edf747",
                    "label": "Right",
                    "name": "right",
                    "type": "number",
                    "instructions": "",
                    "required": 1,
                    "conditional_logic": 0,
                    "wrapper": {
                        "width": "50",
                        "class": "",
                        "id": ""
                    },
                    "default_value": 0,
                    "placeholder": "",
                    "prepend": "",
                    "append": "px",
                    "min": "",
                    "max": "",
                    "step": 1
                }
            ]
        }
    ],
    "location": [
        [
            {
                "param": "block",
                "operator": "==",
                "value": ""
            }
        ]
    ],
    "menu_order": 0,
    "position": "normal",
    "style": "default",
    "label_placement": "top",
    "instruction_placement": "label",
    "hide_on_screen": "",
    "active": true,
    "description": "",
    "show_in_rest": 0,
    "modified": 1661434962
}